pdb.id,peptide,real,value.s,value.rank
1oga,GILGFVFTL,TRUE,-1.70016372207016,4.8951048951049
2ypl,KAFSPEVIPMF,TRUE,1.74134538237742,62.3376623376623
4h1l,QHIRCNIPKRISA,TRUE,0.515057430447063,6.79320679320679
5euo,GILGFVFTL,TRUE,-1.45997438697299,3.1968031968032
5isz,GILGFVFTL,TRUE,-0.113688844206762,12.2877122877123
5jhd,XGILGFVFTL,TRUE,-2.88499870462547,2.0979020979021
5nht,ELAGIGILTV,TRUE,-2.08888736424396,1.6983016983017
6mtm,FEDLRVLSF,TRUE,1.64850624049709,74.1258741258741
6vm7,ITDQVPFSV,TRUE,1.58941903479927,38.3616383616384
6vma,ITDQVPFSV,TRUE,2.38302111613751,75.9240759240759
7n6e,YLQPRTFLL,TRUE,2.79423893541918,58.041958041958
