pdb.id,peptide,real,value.s,value.rank
1lp9,ALWGFFPVL,TRUE,3.47135433105266,81.2187812187812
3pwp,LGYGFVNYI,TRUE,-0.312710592278023,16.0839160839161
3uts,ALWGPDPAAA,TRUE,-0.167468357139808,7.89210789210789
4eup,ALGIGILTV,TRUE,-0.954720288198415,8.49150849150849
4jfd,ELAAIGILTV,TRUE,1.1277372573293,25.3746253746254
4mnq,ILAKFLHWL,TRUE,1.36076798012111,51.3486513486514
5c07,YQFGPDFPIA,TRUE,1.82378805508818,37.4625374625375
5c0c,RQFGPDWIVA,TRUE,-0.314055855273038,11.2887112887113
5jhd,XGILGFVFTL,TRUE,-2.29567547727501,8.19180819180819
5jzi,XKLVALGINAV,TRUE,1.58149449581836,45.1548451548452
6amu,MMWDRGLGMM,TRUE,3.79596701813961,85.9140859140859
6p64,KQWLVWLFL,TRUE,-0.62227467730624,8.89110889110889
6r2l,SLSKILDTV,TRUE,-2.4441301233621,1.8981018981019
6tro,GVYDGREHTV,TRUE,-0.635495744182679,11.0889110889111
6vm7,ITDQVPFSV,TRUE,1.18366444082525,30.8691308691309
6vma,ITDQVPFSV,TRUE,1.60751266848655,64.5354645354646
