pdb.id,peptide,real,value.s,value.rank
1ao7,LLFGYPVYV,TRUE,1.77748707934841,39.96003996004
3hg1,ELAGIGILTV,TRUE,-0.110677980726375,10.3896103896104
3pwp,LGYGFVNYI,TRUE,-0.312146914252048,14.3856143856144
3qdg,ELAGIGILTV,TRUE,0.0354423625956033,13.7862137862138
4eup,ALGIGILTV,TRUE,-1.26134962537037,4.3956043956044
4ftv,LLFGYPVYV,TRUE,2.43672860078457,48.951048951049
4jfd,ELAAIGILTV,TRUE,1.60276498630051,32.8671328671329
5e9d,ELAGIGILTV,TRUE,1.07853947630701,52.0479520479521
5nht,ELAGIGILTV,TRUE,-2.38401100399128,0.599400599400599
5nme,SLYNTVATL,TRUE,3.22145314236421,75.2247752247752
6amu,MMWDRGLGMM,TRUE,6.08017026183356,98.8011988011988
6rp9,SLLMWITQV,TRUE,-1.2109023969615,7.49250749250749
6rpb,SLLMWITQV,TRUE,1.52364087921816,40.0599400599401
6uon,GADGVGKSAL,TRUE,-0.271026009104355,14.7852147852148
6vma,ITDQVPFSV,TRUE,2.07968152517395,70.7292707292707
7n1f,YLQPRTFLL,TRUE,0.678408945961058,14.985014985015
