pdb_id,pep_identity,mhc_identity,tcrA_identity,tcrB_identity,total_identity
3gsn,33.3333333333,100.0,36.3636363636,91.1504424779,65.696790918
2bnq,11.1111111111,100.0,38.0530973451,91.0714285714,58.5577913565
3qdj,11.1111111111,100.0,46.3636363636,62.8318584071,55.2362861655
5eu6,22.2222222222,100.0,41.592920354,36.8421052632,53.8132450103
5men,0.0,100.0,31.8584070796,90.2654867257,53.6873156342
