pdb_id,pep_identity,mhc_identity,tcrA_identity,tcrB_identity,total_identity
3gsn,33.3333333333,100.0,38.1818181818,89.4736842105,65.7203615098
3qdj,11.1111111111,100.0,88.0733944954,61.4035087719,61.9498542483
2bnq,11.1111111111,100.0,41.592920354,87.610619469,58.5709603409
5eu6,22.2222222222,100.0,42.4778761062,34.7826086957,53.6174882077
5men,0.0,100.0,32.4324324324,87.7192982456,53.3586217797
