pdb_id,pep_identity,mhc_identity,tcrA_identity,tcrB_identity,total_identity
2bnq,11.1111111111,100.0,100.0,100.0,70.3703703704
3gsn,33.3333333333,100.0,40.7079646018,88.4955752212,65.9783677483
5eu6,22.2222222222,100.0,89.3805309735,34.5132743363,61.3897082924
