pdb_id,pep_identity,mhc_identity,tcrA_identity,tcrB_identity,total_identity
2e7l,0.0,100.0,100.0,99.0740740741,66.512345679
3tjh,0.0,98.2857142857,85.8407079646,70.6422018349,58.8423897285
