pdb_id,pep_identity,mhc_identity,tcrA_identity,tcrB_identity,total_identity
5d2n,33.3333333333,72.4719101124,62.037037037,50.4347826087,54.0137177562
