pdb_id,pep_identity,mhc_identity,tcrA_identity,tcrB_identity,total_identity
2bnq,11.1111111111,100.0,97.3451327434,96.4285714286,69.332654399
3gsn,33.3333333333,100.0,40.7079646018,85.8407079646,65.5358898722
5eu6,22.2222222222,100.0,86.7256637168,34.5132743363,60.9472304163
