pdb_id,pep_identity,mhc_identity,tcrA_identity,tcrB_identity,total_identity
2bnq,11.1111111111,100.0,95.5752212389,100.0,69.6329072435
3gsn,33.3333333333,100.0,39.8230088496,88.4955752212,65.8308751229
5eu6,22.2222222222,100.0,84.9557522124,34.5132743363,60.6522451655
