pdb_id,pep_identity,mhc_identity,tcrA_identity,tcrB_identity,total_identity
2oi9,0.0,100.0,99.0825688073,99.0740740741,66.3594404802
3tjh,0.0,100.0,84.0707964602,70.6422018349,59.1188330492
