pdb_id,pep_identity,mhc_identity,tcrA_identity,tcrB_identity,total_identity
2bnq,11.1111111111,100.0,92.9203539823,94.5945945946,68.2895284665
3gsn,33.3333333333,100.0,41.592920354,83.185840708,65.2409046214
5eu6,22.2222222222,100.0,84.9557522124,32.7433628319,60.3572599148
5men,0.0,100.0,41.592920354,86.6071428571,54.7000105352
