pdb_id,pep_identity,mhc_identity,tcrA_identity,tcrB_identity,total_identity
2bnq,11.1111111111,100.0,92.0353982301,95.4954954955,68.2921859913
3gsn,33.3333333333,100.0,41.592920354,84.0707964602,65.3883972468
5eu6,22.2222222222,100.0,84.0707964602,33.6283185841,60.3572599148
5men,0.0,100.0,42.4778761062,87.5,54.9963126844
