pdb_id,pep_identity,mhc_identity,tcrA_identity,tcrB_identity,total_identity
2bnq,11.1111111111,100.0,95.5752212389,97.2972972973,69.1824567931
3gsn,33.3333333333,100.0,40.7079646018,85.8407079646,65.5358898722
5eu6,22.2222222222,100.0,87.610619469,34.5132743363,61.0947230416
