pdb_id,pep_identity,mhc_identity,tcrA_identity,tcrB_identity,total_identity
1mwa,12.5,72.0670391061,33.9285714286,54.3859649123,42.9081024255
4mji,0.0,78.7709497207,36.3636363636,33.0434782609,37.8248356776
