pdb_id,pep_identity,mhc_identity,tcrA_identity,tcrB_identity,total_identity
3vxs,0.0,81.5642458101,24.1071428571,90.2654867257,46.2501868672
3qdm,10.0,78.7709497207,29.6296296296,33.3333333333,40.0841437341
