pdb_id,pep_identity,mhc_identity,tcrA_identity,tcrB_identity,total_identity
3e3q,0.0,100.0,95.3703703704,99.0740740741,65.7407407407
3tjh,0.0,100.0,82.3008849558,70.6422018349,58.8238477984
