pdb_id,pep_identity,mhc_identity,tcrA_identity,tcrB_identity,total_identity
3gsn,33.3333333333,100.0,38.1818181818,89.4736842105,65.7203615098
3qdj,11.1111111111,100.0,88.0733944954,62.2807017544,62.0960530787
2bnq,11.1111111111,100.0,41.592920354,86.8421052632,58.4428746399
5eu6,22.2222222222,100.0,42.4778761062,35.652173913,53.7624157439
5men,0.0,100.0,32.4324324324,88.5964912281,53.5048206101
