pdb_id,pep_identity,mhc_identity,tcrA_identity,tcrB_identity,total_identity
5d2n,33.3333333333,78.2122905028,86.3636363636,74.7826086957,64.0395821219
