pdb_id,pep_identity,mhc_identity,tcrA_identity,tcrB_identity,total_identity
3qeq,11.1111111111,100.0,99.0476190476,100.0,70.2116402116
3gsn,33.3333333333,100.0,42.0560747664,59.2920353982,61.3357961385
