pdb_id,pep_identity,mhc_identity,tcrA_identity,tcrB_identity,total_identity
3gsn,33.3333333333,81.0055865922,36.1111111111,72.5663716814,56.2258871073
