pdb_id,pep_identity,mhc_identity,tcrA_identity,tcrB_identity,total_identity
3vxs,0.0,100.0,100.0,100.0,66.6666666667
5c0a,20.0,88.8268156425,54.0540540541,52.1739130435,53.9802663971
