pdb_id,pep_identity,mhc_identity,tcrA_identity,tcrB_identity,total_identity
4eup,11.1111111111,100.0,99.0825688073,100.0,70.2174651716
3gsn,33.3333333333,100.0,37.2727272727,50.4424778761,59.0636453026
