pdb_id,pep_identity,mhc_identity,tcrA_identity,tcrB_identity,total_identity
5e9d,10.0,100.0,88.9908256881,54.3859649123,60.5627984334
3w0w,0.0,88.8268156425,83.4862385321,60.9090909091,53.6748267877
5c08,10.0,100.0,66.0550458716,30.701754386,52.7928000429
