pdb_id,pep_identity,mhc_identity,tcrA_identity,tcrB_identity,total_identity
3gsn,33.3333333333,100.0,38.1818181818,87.7192982456,65.427963849
3qdj,11.1111111111,100.0,88.0733944954,62.2807017544,62.0960530787
2bnr,0.0,100.0,41.592920354,86.8421052632,54.7391709362
5eu6,22.2222222222,100.0,42.4778761062,34.7826086957,53.6174882077
5men,0.0,100.0,32.4324324324,88.5964912281,53.5048206101
