pdb_id,pep_identity,mhc_identity,tcrA_identity,tcrB_identity,total_identity
4jfd,10.0,100.0,99.0740740741,100.0,69.8456790123
5c0a,20.0,100.0,66.0550458716,31.0344827586,56.181588105
