pdb_id,pep_identity,mhc_identity,tcrA_identity,tcrB_identity,total_identity
4l3e,10.0,100.0,99.0740740741,100.0,69.8456790123
5c0a,20.0,100.0,68.8073394495,33.9130434783,57.1200638213
