pdb_id,pep_identity,mhc_identity,tcrA_identity,tcrB_identity,total_identity
4mnq,0.0,100.0,100.0,100.0,66.6666666667
3gsn,33.3333333333,100.0,37.5,84.9557522124,64.8537364798
2bnq,11.1111111111,100.0,38.9380530973,86.6071428571,57.9612363628
3qdj,11.1111111111,100.0,33.3333333333,68.4684684685,54.004004004
