pdb_id,pep_identity,mhc_identity,tcrA_identity,tcrB_identity,total_identity
5brz,11.1111111111,100.0,100.0,100.0,70.3703703704
5eu6,22.2222222222,86.5921787709,84.0707964602,45.1327433628,57.8053903016
