pdb_id,pep_identity,mhc_identity,tcrA_identity,tcrB_identity,total_identity
3gsn,33.3333333333,99.4413407821,98.1308411215,30.701754386,65.7303239564
5eu6,22.2222222222,99.4413407821,40.7079646018,77.8761061947,60.3185328009
