pdb_id,pep_identity,mhc_identity,tcrA_identity,tcrB_identity,total_identity
3qeq,11.1111111111,99.4413407821,85.3211009174,50.8928571429,59.5531436411
5euo,11.1111111111,99.4413407821,58.7155963303,51.8181818182,55.2731136558
5d2n,33.3333333333,100.0,28.8288288288,30.4347826087,54.3217130174
2bnq,11.1111111111,99.4413407821,30.9734513274,61.2612612613,52.2232693959
