pdb_id,pep_identity,mhc_identity,tcrA_identity,tcrB_identity,total_identity
5euo,11.1111111111,100.0,100.0,100.0,70.3703703704
3gsn,33.3333333333,100.0,36.9369369369,49.5575221239,58.8601876212
