pdb_id,pep_identity,mhc_identity,tcrA_identity,tcrB_identity,total_identity
5hho,11.1111111111,100.0,100.0,100.0,70.3703703704
3gsn,33.3333333333,100.0,37.037037037,49.5575221239,58.8768709713
