pdb_id,pep_identity,mhc_identity,tcrA_identity,tcrB_identity,total_identity
3gsn,33.3333333333,100.0,88.9908256881,49.5575221239,67.5358357464
5hho,11.1111111111,100.0,38.5321100917,95.4128440367,59.3611960584
