pdb_id,pep_identity,mhc_identity,tcrA_identity,tcrB_identity,total_identity
2ypl,9.09090909091,81.0055865922,35.1351351351,50.9259259259,44.3756754045
3mv8,9.09090909091,80.4469273743,28.9473684211,33.0275229358,40.1750940479
