pdb_id,pep_identity,mhc_identity,tcrA_identity,tcrB_identity,total_identity
3gsn,33.3333333333,68.156424581,41.8181818182,53.0973451327,49.6491737966
3tfk,11.1111111111,83.7988826816,33.6283185841,71.8181818182,49.2110813313
