pdb_id,pep_identity,mhc_identity,tcrA_identity,tcrB_identity,total_identity
3gsn,33.3333333333,68.156424581,42.2018348624,53.0973451327,49.7131159706
3tfk,11.1111111111,83.7988826816,32.7433628319,71.8181818182,49.0635887059
