pdb_id,pep_identity,mhc_identity,tcrA_identity,tcrB_identity,total_identity
5men,0.0,100.0,100.0,100.0,66.6666666667
3gsn,33.3333333333,100.0,37.5,89.3805309735,65.5911996067
2bnq,11.1111111111,100.0,40.7079646018,91.0714285714,59.0002692326
3qdj,11.1111111111,100.0,34.2342342342,70.2702702703,54.4544544545
