pdb_id,pep_identity,mhc_identity,tcrA_identity,tcrB_identity,total_identity
3qdj,11.1111111111,100.0,86.2385321101,35.1351351351,57.2659815779
5d2n,33.3333333333,99.4413407821,22.7272727273,41.7391304348,55.0026252322
5brz,11.1111111111,86.5921787709,39.8230088496,69.0909090909,50.7200829508
2vlk,11.1111111111,100.0,34.5454545455,43.6363636364,50.0673400673
