pdb_id,pep_identity,mhc_identity,tcrA_identity,tcrB_identity,total_identity
5e9d,10.0,100.0,85.1851851852,52.6315789474,59.6361273554
5c0c,10.0,100.0,67.5925925926,31.3043478261,53.1494900698
3w0w,0.0,88.8268156425,85.9813084112,50.8928571429,52.4212994732
