pdb_id,pep_identity,mhc_identity,tcrA_identity,tcrB_identity,total_identity
3gsn,33.3333333333,68.156424581,40.7079646018,28.3185840708,45.3343440835
3tfk,11.1111111111,83.7988826816,34.2105263158,31.1926605505,42.5371957419
