pdb_id,pep_identity,mhc_identity,tcrA_identity,tcrB_identity,total_identity
3gsn,33.3333333333,68.156424581,38.0530973451,30.0884955752,45.1868514582
3tfk,11.1111111111,83.7988826816,33.3333333333,31.8181818182,42.4952504561
