pdb_id,pep_identity,mhc_identity,tcrA_identity,tcrB_identity,total_identity
3gsn,33.3333333333,100.0,40.5405405405,55.7522123894,60.4932365994
5euo,11.1111111111,100.0,36.036036036,52.7272727273,51.8309218309
3o4l,11.1111111111,100.0,50.4504504505,25.6637168142,49.7227315811
4mnq,0.0,100.0,33.0357142857,59.8214285714,48.8095238095
