pdb_id,pep_identity,mhc_identity,tcrA_identity,tcrB_identity,total_identity
3gsn,33.3333333333,67.5977653631,42.2018348624,53.0973451327,49.5268962313
3tfk,11.1111111111,84.2696629213,32.7433628319,71.8181818182,49.2205154525
