pdb_id,pep_identity,mhc_identity,tcrA_identity,tcrB_identity,total_identity
3gsn,33.3333333333,67.5977653631,41.8181818182,53.0973451327,49.4629540573
3tfk,11.1111111111,84.2696629213,33.6283185841,71.8181818182,49.3680080779
