pdb_id,pep_identity,mhc_identity,tcrA_identity,tcrB_identity,total_identity
5d2n,33.3333333333,72.4719101124,28.8288288288,49.1379310345,48.2628744591
5brz,11.1111111111,69.8324022346,33.6283185841,55.652173913,41.8612531981
