pdb_id,pep_identity,mhc_identity,tcrA_identity,tcrB_identity,total_identity
5c0a,20.0,89.9441340782,31.1926605505,53.0434782609,50.6874011613
3vxs,0.0,86.5921787709,33.3333333333,54.3859649123,43.4839426313
