pdb_id,pep_identity,mhc_identity,tcrA_identity,tcrB_identity,total_identity
3tfk,11.1111111111,83.7988826816,23.8938053097,75.6756756757,48.2315780951
3gsn,33.3333333333,68.156424581,34.5794392523,51.3274336283,48.1477314516
