pdb_id,pep_identity,mhc_identity,tcrA_identity,tcrB_identity,total_identity
5e9d,10.0,100.0,30.9734513274,55.7522123894,51.1209439528
3vxm,0.0,88.8268156425,31.6239316239,37.2727272727,41.0917150303
