pdb_id,pep_identity,mhc_identity,tcrA_identity,tcrB_identity,total_identity
3qdg,10.0,100.0,99.0740740741,100.0,69.8456790123
5c0a,20.0,100.0,68.8073394495,34.7826086957,57.2649913575
