pdb_id,pep_identity,mhc_identity,tcrA_identity,tcrB_identity,total_identity
3qdg,10.0,99.4413407821,100.0,100.0,69.8137802607
5c0a,20.0,99.4413407821,69.4444444444,34.7826086957,57.1849557841
