pdb_id,pep_identity,mhc_identity,tcrA_identity,tcrB_identity,total_identity
5d2n,33.3333333333,79.8882681564,28.6956521739,41.7391304348,49.4796642647
3ffc,0.0,92.1787709497,52.1739130435,43.5897435897,46.6868664221
5brz,11.1111111111,78.7709497207,33.6206896552,66.6666666667,46.6752463309
