pdb_id,pep_identity,mhc_identity,tcrA_identity,tcrB_identity,total_identity
3gsn,33.3333333333,79.8882681564,28.5714285714,74.3362831858,54.8918191228
3ffc,0.0,91.6201117318,53.982300885,32.4786324786,44.9501928045
