pdb_id,pep_identity,mhc_identity,tcrA_identity,tcrB_identity,total_identity
3gsn,33.3333333333,79.3296089385,28.5714285714,74.3362831858,54.7055993835
3ffc,0.0,91.061452514,53.982300885,32.4786324786,44.7639730653
