pdb_id,pep_identity,mhc_identity,tcrA_identity,tcrB_identity,total_identity
3qdj,11.1111111111,100.0,98.1481481481,98.1981981982,69.7614280948
3gsn,33.3333333333,100.0,40.3669724771,62.8318584071,61.6442495918
