pdb_id,pep_identity,mhc_identity,tcrA_identity,tcrB_identity,total_identity
4l3e,10.0,100.0,98.1481481481,100.0,69.6913580247
5c0a,20.0,100.0,67.8899082569,33.9130434783,56.9671586225
