pdb_id,pep_identity,mhc_identity,tcrA_identity,tcrB_identity,total_identity
3qdj,11.1111111111,100.0,90.8256880734,35.9649122807,58.1688037627
5d2n,33.3333333333,99.4413407821,22.9357798165,32.7586206897,53.5406247895
2vlk,11.1111111111,100.0,36.3636363636,32.7433628319,48.5548702363
3o4l,11.1111111111,100.0,41.2844036697,21.9298245614,47.5727417422
2bnr,0.0,100.0,43.3628318584,41.592920354,47.4926253687
