pdb_id,pep_identity,mhc_identity,tcrA_identity,tcrB_identity,total_identity
3qdj,11.1111111111,100.0,87.037037037,32.4561403509,56.9525666017
5d2n,33.3333333333,99.4413407821,23.1481481481,31.8965517241,53.4323413505
2vlk,11.1111111111,100.0,37.6146788991,30.0884955752,48.3208994494
2p5e,0.0,100.0,39.8230088496,33.6283185841,45.5752212389
