pdb_id,pep_identity,mhc_identity,tcrA_identity,tcrB_identity,total_identity
3tfk,11.1111111111,98.8571428571,31.5789473684,92.5925925926,57.3513413163
5d2n,33.3333333333,66.4804469274,66.0377358491,33.0434782609,49.7847957719
