pdb_id,pep_identity,mhc_identity,tcrA_identity,tcrB_identity,total_identity
3gsn,33.3333333333,82.6815642458,35.4545454545,50.4424778761,52.9878030815
5brz,11.1111111111,80.4469273743,35.3982300885,38.3928571429,42.8178607004
