pdb_id,pep_identity,mhc_identity,tcrA_identity,tcrB_identity,total_identity
5d2n,33.3333333333,98.8826815642,30.3571428571,56.5217391304,58.5518186305
3qdj,11.1111111111,99.4413407821,33.0357142857,36.2831858407,48.4039673188
2vlk,11.1111111111,99.4413407821,33.0357142857,34.5132743363,48.1089820681
3o4l,11.1111111111,99.4413407821,34.8214285714,28.6956521739,47.436997422
