pdb_id,pep_identity,mhc_identity,tcrA_identity,tcrB_identity,total_identity
2bnq,11.1111111111,98.8826815642,100.0,100.0,69.9979308918
3gsn,33.3333333333,98.8826815642,40.7079646018,88.4955752212,65.6059282697
5eu6,22.2222222222,98.8826815642,89.3805309735,34.5132743363,61.0172688138
