pdb_id,pep_identity,mhc_identity,tcrA_identity,tcrB_identity,total_identity
5eu6,22.2222222222,100.0,41.592920354,54.7008547009,56.7897032499
5men,0.0,100.0,87.2727272727,30.7692307692,53.006993007
5hhm,11.1111111111,100.0,36.6071428571,35.0427350427,48.9786833537
3ffc,0.0,81.0055865922,33.0434782609,82.0512820513,46.1843222494
