pdb_id,pep_identity,mhc_identity,tcrA_identity,tcrB_identity,total_identity
5d2n,33.3333333333,99.4413407821,23.8532110092,87.8260869565,62.8714410328
3qdj,11.1111111111,100.0,88.8888888889,38.5964912281,58.2846003899
