pdb_id,pep_identity,mhc_identity,tcrA_identity,tcrB_identity,total_identity
3gsn,33.3333333333,98.8826815642,40.3669724771,87.610619469,65.4016036235
3qdj,11.1111111111,98.8826815642,87.037037037,63.3928571429,61.7362465884
2bnr,0.0,98.8826815642,47.7876106195,90.990990991,56.0906607898
5men,0.0,98.8826815642,34.2342342342,89.2857142857,53.5475519414
5eu6,22.2222222222,98.8826815642,43.3628318584,34.5132743363,53.3476522946
