pdb_id,pep_identity,mhc_identity,tcrA_identity,tcrB_identity,total_identity
3qdm,10.0,99.4413407821,40.5405405405,51.3043478261,51.7879283218
3w0w,0.0,88.2681564246,33.3333333333,61.6071428571,45.2461315066
