pdb_id,pep_identity,mhc_identity,tcrA_identity,tcrB_identity,total_identity
5d2n,33.3333333333,81.4606741573,47.7064220183,43.4782608696,53.4621163115
5brz,11.1111111111,79.3296089385,23.6842105263,65.4867256637,45.0087293816
