pdb_id,pep_identity,mhc_identity,tcrA_identity,tcrB_identity,total_identity
3qdg,10.0,81.5642458101,89.8148148148,67.5675675676,56.7518123337
3w0w,0.0,80.4469273743,87.037037037,58.7155963303,51.1077480193
