pdb_id,pep_identity,mhc_identity,tcrA_identity,tcrB_identity,total_identity
5hho,11.1111111111,100.0,30.3571428571,93.75,57.7215608466
5d2n,33.3333333333,99.4413407821,23.0088495575,34.7826086957,53.890134414
4eup,11.1111111111,100.0,32.1428571429,57.1428571429,51.917989418
4mnq,0.0,100.0,30.0884955752,50.4424778761,46.7551622419
