pdb_id,pep_identity,mhc_identity,tcrA_identity,tcrB_identity,total_identity
4eup,11.1111111111,100.0,85.3211009174,58.5585585586,61.016980283
2vlk,11.1111111111,100.0,34.5454545455,96.3302752294,58.8496586662
5d2n,33.3333333333,99.4413407821,22.7272727273,33.0434782609,53.5533498698
2pye,0.0,100.0,44.2477876106,50.0,49.0412979351
