pdb_id,pep_identity,mhc_identity,tcrA_identity,tcrB_identity,total_identity
3gsn,33.3333333333,81.0055865922,86.3636363636,34.5132743363,58.2591250918
