pdb_id,pep_identity,mhc_identity,tcrA_identity,tcrB_identity,total_identity
3gsn,33.3333333333,99.4413407821,38.0530973451,55.7522123894,59.8924429942
5hho,11.1111111111,99.4413407821,38.0530973451,54.954954955,52.3521593478
