pdb_id,pep_identity,mhc_identity,tcrA_identity,tcrB_identity,total_identity
3gsn,33.3333333333,99.4413407821,38.1818181818,73.6842105263,62.9025628232
3qdj,11.1111111111,99.4413407821,62.3853211009,64.0350877193,57.9208854344
2f53,0.0,99.4413407821,38.0530973451,75.4385964912,52.0623959001
5euo,11.1111111111,99.4413407821,33.0357142857,53.982300885,51.3538198262
5men,0.0,99.4413407821,30.9090909091,76.3157894737,51.0179269912
