pdb_id,pep_identity,mhc_identity,tcrA_identity,tcrB_identity,total_identity
3gsn,33.3333333333,67.5977653631,35.1351351351,30.701754386,44.6165144857
3tfk,11.1111111111,84.2696629213,25.4385964912,29.4642857143,40.9440717117
