pdb_id,pep_identity,mhc_identity,tcrA_identity,tcrB_identity,total_identity
5d2n,33.3333333333,99.4413407821,21.2962962963,66.9565217391,58.9670277111
3qdj,11.1111111111,100.0,89.8148148148,33.0357142857,57.5121252205
2vlk,11.1111111111,100.0,35.7798165138,40.0,49.667006456
3o4l,11.1111111111,100.0,38.8888888889,27.4336283186,48.0907899049
5brz,11.1111111111,86.5921787709,39.8230088496,48.6486486486,47.3130395437
