pdb_id,pep_identity,mhc_identity,tcrA_identity,tcrB_identity,total_identity
3gsn,33.3333333333,100.0,38.8888888889,46.017699115,58.5955424451
2vlk,11.1111111111,100.0,32.1100917431,89.0909090909,57.2372038427
3o4l,11.1111111111,100.0,34.2592592593,29.203539823,47.6141702174
