pdb_id,pep_identity,mhc_identity,total_identity
4zez,30.0,80.4469273743,55.2234636872
3vri,20.0,89.9441340782,54.9720670391
2axg,0.0,100.0,50.0
1qvo,10.0,82.1229050279,46.061452514
5c0j,10.0,80.4469273743,45.2234636872
3rwi,10.0,79.3296089385,44.6648044693
