pdb_id,pep_identity,mhc_identity,tcrA_identity,tcrB_identity,total_identity
5d2n,33.3333333333,79.8882681564,30.3571428571,56.5217391304,52.2203474945
3ffc,0.0,92.1787709497,59.2920353982,57.264957265,50.1524224271
5brz,11.1111111111,78.7709497207,31.3043478261,45.1327433628,42.7002021421
