pdb_id,pep_identity,mhc_identity,tcrA_identity,tcrB_identity,total_identity
5d2n,33.3333333333,80.4469273743,30.3571428571,56.5217391304,52.4065672338
3ffc,0.0,84.9162011173,59.2920353982,57.264957265,47.7315658163
5brz,11.1111111111,80.4469273743,31.3043478261,45.1327433628,43.25886136
3qdj,11.1111111111,81.0055865922,33.0357142857,36.2831858407,42.2587159222
