pdb_id,pep_identity,mhc_identity,tcrA_identity,tcrB_identity,total_identity
5c0a,20.0,80.4469273743,35.3982300885,87.8260869565,54.0196952989
4g8g,0.0,86.5921787709,59.1304347826,32.7433628319,44.1763591927
