pdb_id,pep_identity,mhc_identity,total_identity
4zez,30.0,82.1229050279,56.061452514
3vri,20.0,85.4748603352,52.7374301676
1qvo,10.0,84.3575418994,47.1787709497
5c0j,10.0,82.1229050279,46.061452514
