pdb_id,pep_identity,mhc_identity,total_identity
4zez,30.0,99.4413407821,64.7206703911
5c0a,20.0,99.4413407821,59.7206703911
1i4f,20.0,99.4413407821,59.7206703911
3oxr,10.0,100.0,55.0
3giv,10.0,99.4413407821,54.7206703911
2clr,10.0,99.4413407821,54.7206703911
3mrr,10.0,99.4413407821,54.7206703911
