pdb_id,pep_identity,mhc_identity,tcrA_identity,tcrB_identity,total_identity
5c0a,20.0,82.1229050279,35.3982300885,87.8260869565,54.5783545168
4g8g,0.0,85.4748603352,59.1304347826,32.7433628319,43.8039197141
